"","Age","Attrition","DistanceFromHome","Gender","MonthlyIncome","NumCompaniesWorked","YearsAtCompany","Education","EnvironmentSatisfaction","JobInvolvement","YearsInCurrentRole"
"0","41","1","1","0","5993","8","6","2","2","3","4"
"1","49","0","8","1","5130","1","10","1","3","2","7"
"2","37","1","2","1","2090","6","0","2","4","2","0"
"3","33","0","3","0","2909","1","8","4","4","3","7"
"4","27","0","2","1","3468","9","2","1","1","3","2"
"5","32","0","2","1","3068","0","7","2","4","3","7"
"6","59","0","3","0","2670","4","1","3","3","4","0"
"7","30","0","24","1","2693","1","1","1","4","3","0"
"8","38","0","23","1","9526","0","9","3","4","2","7"
"9","36","0","27","1","5237","6","7","3","3","3","7"
"10","35","0","16","1","2426","0","5","3","1","4","4"
"11","29","0","15","0","4193","0","9","2","4","2","5"
"12","31","0","26","1","2911","1","5","1","1","3","2"
"13","34","0","19","1","2661","0","2","2","2","3","2"
"14","28","1","24","1","2028","5","4","3","3","2","2"
"15","29","0","21","0","9980","1","10","4","2","4","9"
"16","32","0","5","1","3298","0","6","2","1","4","2"
"17","22","0","16","1","2935","1","1","2","4","4","0"
"18","53","0","2","0","15427","2","25","4","1","2","8"
"19","38","0","2","1","3944","5","3","3","4","3","2"
"20","24","0","11","0","4011","0","4","2","1","4","2"
"21","36","1","9","1","3407","7","5","4","3","2","3"
"22","34","0","7","0","11994","0","12","4","1","3","6"
"23","21","0","15","1","1232","1","0","2","3","3","0"
"24","34","1","6","1","2960","2","4","1","2","3","2"
"25","53","0","5","0","19094","4","14","3","3","3","13"
"26","32","1","16","0","3919","1","10","1","2","1","2"
"27","42","0","8","1","6825","0","9","4","3","3","7"
"28","44","0","7","0","10248","3","22","4","1","2","6"
"29","46","0","2","0","18947","3","2","4","2","3","2"
"30","33","0","2","1","2496","4","1","3","3","3","1"
"31","44","0","10","1","6465","2","4","4","4","3","2"
"32","30","0","9","1","2206","1","10","2","4","2","0"
"33","39","1","5","1","2086","3","1","3","4","3","0"
"34","24","1","1","1","2293","2","2","3","2","3","0"
"35","43","0","2","0","2645","1","5","2","4","4","3"
"36","50","1","3","1","2683","1","3","2","1","2","2"
"37","35","0","2","0","2014","1","2","3","4","3","2"
"38","36","0","5","0","3419","9","1","4","2","2","1"
"39","33","0","1","0","5376","2","5","3","3","4","3"
"40","35","0","4","1","1951","1","1","2","3","3","0"
"41","27","0","2","0","2341","1","1","4","4","3","0"
"42","26","1","25","1","2293","1","1","3","1","1","0"
"43","27","0","8","1","8726","1","9","3","4","3","8"
"44","30","0","1","0","4011","1","12","2","3","3","8"
"45","41","1","12","0","19545","1","22","3","2","3","15"
"46","34","0","23","1","4568","0","9","4","2","3","5"
"47","37","0","19","1","3022","4","1","2","2","3","0"
"48","46","0","5","1","5772","4","9","4","1","3","6"
"49","35","0","8","1","2269","1","1","1","4","4","0"
"50","48","1","1","1","5381","9","1","2","1","2","0"
"51","28","1","5","1","3441","1","2","4","3","3","2"
"52","44","0","1","0","5454","5","4","5","2","3","3"
"53","35","0","11","1","9884","2","4","2","3","2","0"
"54","26","0","23","0","4157","7","2","3","3","2","2"
"55","33","0","1","0","13458","1","15","2","1","3","14"
"56","35","0","18","1","9069","1","9","5","2","3","8"
"57","35","0","23","0","4014","3","2","4","3","3","2"
"58","31","0","7","1","5915","3","7","4","4","3","7"
"59","37","0","1","1","5993","1","7","4","1","2","5"
"60","32","0","1","1","6162","1","9","3","1","3","8"
"61","38","0","29","0","2406","1","10","5","4","3","3"
"62","50","0","7","0","18740","5","27","2","2","2","3"
"63","59","0","25","0","7637","7","21","3","1","3","16"
"64","36","0","8","0","10096","1","17","3","3","3","14"
"65","55","0","8","0","14756","2","5","3","4","3","0"
"66","36","0","11","1","6499","1","6","3","2","2","5"
"67","45","0","7","1","9724","2","1","3","2","3","0"
"68","35","0","1","1","2194","4","3","3","2","3","2"
"69","36","1","9","1","3388","0","1","3","4","2","0"
"70","59","0","1","0","5473","7","4","1","1","2","3"
"71","29","0","2","1","2703","0","5","3","3","3","4"
"72","31","0","1","1","2501","1","1","4","3","3","1"
"73","32","0","1","1","6220","1","10","3","2","3","4"
"74","36","0","6","0","3038","3","1","3","2","4","0"
"75","31","0","8","0","4424","1","11","4","3","3","7"
"76","35","0","1","1","4312","0","15","4","3","2","13"
"77","45","0","6","1","13245","4","0","4","4","3","0"
"78","37","0","7","1","13664","4","5","4","1","3","2"
"79","46","0","5","1","5021","8","4","2","2","3","2"
"80","30","0","1","1","5126","1","10","1","4","2","8"
"81","35","0","1","1","2859","1","6","3","2","2","4"
"82","55","0","1","1","10239","3","1","2","1","3","0"
"83","38","0","6","0","5329","7","13","3","2","1","11"
"84","34","0","1","1","4325","1","5","2","1","3","2"
"85","56","0","7","1","7260","4","6","3","4","1","4"
"86","23","0","2","1","2322","3","0","1","3","3","0"
"87","51","0","9","1","2075","3","4","4","4","3","2"
"88","30","0","2","1","4152","1","11","3","3","2","10"
"89","46","1","9","1","9619","1","9","2","3","2","8"
"90","40","0","1","1","13503","1","22","4","3","2","3"
"91","51","0","21","1","5441","0","10","4","3","3","7"
"92","30","0","4","0","5209","1","11","2","3","2","8"
"93","46","0","1","1","10673","2","10","3","3","2","9"
"94","32","0","6","1","5010","1","11","4","2","3","8"
"95","54","0","2","0","13549","9","4","4","1","3","3"
"96","24","0","3","0","4999","0","3","2","1","3","2"
"97","28","0","4","1","4221","1","5","3","2","3","4"
"98","58","0","10","1","13872","0","37","4","4","3","10"
"99","44","0","23","1","2042","4","3","3","2","3","2"
"100","37","1","6","1","2073","4","3","4","3","3","2"
"101","32","0","1","1","2956","1","1","1","4","3","0"
"102","20","1","6","0","2926","1","1","3","4","2","0"
"103","34","0","6","0","4809","1","16","4","1","3","13"
"104","37","0","2","1","5163","5","1","2","3","2","0"
"105","59","0","2","0","18844","9","3","4","3","2","2"
"106","50","0","1","0","18172","3","8","3","1","3","3"
"107","25","1","5","1","5744","1","6","3","3","2","4"
"108","25","0","7","1","2889","1","2","1","4","2","2"
"109","22","0","15","0","2871","1","0","3","2","3","0"
"110","51","0","1","0","7484","3","13","4","1","2","12"
"111","34","1","7","1","6074","1","9","3","1","1","7"
"112","54","0","26","0","17328","2","5","3","4","4","3"
"113","24","0","18","1","2774","0","5","1","2","3","3"
"114","34","0","6","0","4505","6","1","4","3","2","0"
"115","37","0","3","1","7428","2","5","3","3","3","3"
"116","34","0","5","0","11631","2","11","3","3","2","10"
"117","36","0","11","0","9738","0","9","2","2","3","7"
"118","36","0","3","0","2835","5","1","2","1","3","0"
"119","43","0","26","1","16959","1","25","2","3","3","12"
"120","30","0","23","1","2613","1","10","3","1","1","7"
"121","33","0","22","1","6146","0","7","2","3","3","7"
"122","56","1","14","0","4963","9","5","4","2","3","4"
"123","51","0","6","1","19537","7","20","3","1","3","18"
"124","31","1","6","1","6172","4","7","4","2","1","7"
"125","26","0","6","0","2368","1","5","3","3","2","4"
"126","58","1","23","0","10312","1","40","4","4","3","10"
"127","19","1","22","1","1675","1","0","1","4","3","0"
"128","22","0","2","1","2523","0","2","1","3","3","1"
"129","49","0","20","0","6567","1","15","4","3","3","11"
"130","43","0","28","0","4739","4","3","3","2","4","2"
"131","50","0","12","0","9208","4","2","3","3","3","2"
"132","31","1","20","0","4559","3","2","3","2","1","2"
"133","41","0","9","1","8189","3","9","1","3","3","7"
"134","26","0","25","0","2942","1","8","1","3","3","7"
"135","36","0","6","1","4941","6","3","2","2","3","2"
"136","51","1","8","1","10650","2","4","4","1","1","2"
"137","39","0","4","0","5902","4","15","4","4","2","11"
"138","25","0","28","1","8639","2","2","3","1","2","2"
"139","30","0","9","1","6347","0","11","3","3","3","9"
"140","32","1","9","0","4200","7","5","3","1","3","4"
"141","45","0","29","1","3452","5","6","3","3","3","5"
"142","38","0","3","0","4317","3","3","5","4","3","2"
"143","30","0","18","0","2632","1","5","3","1","3","4"
"144","32","0","9","1","4668","0","8","2","4","1","7"
"145","30","0","5","0","3204","5","3","3","4","3","2"
"146","30","0","2","1","2720","0","5","1","2","2","3"
"147","41","0","10","1","17181","4","7","3","4","2","6"
"148","41","0","9","1","2238","2","5","4","3","3","0"
"149","19","0","3","0","1483","1","1","1","2","3","0"
"150","40","0","26","0","5605","1","20","3","2","3","7"
"151","35","0","1","1","7295","1","10","5","3","3","8"
"152","53","0","6","1","2306","2","7","2","2","3","7"
"153","45","0","9","1","2348","8","17","3","2","3","9"
"154","32","0","8","0","8998","1","9","3","2","3","8"
"155","29","0","1","1","4319","1","10","1","4","3","7"
"156","51","0","7","1","6132","2","1","4","2","2","0"
"157","58","0","9","0","3346","4","1","3","2","2","0"
"158","40","0","4","1","10855","7","12","4","3","2","11"
"159","34","0","2","0","2231","6","4","4","3","3","3"
"160","22","0","19","1","2323","1","2","1","3","3","2"
"161","27","0","9","1","2024","6","2","3","4","3","2"
"162","28","0","21","1","2713","1","5","3","3","3","2"
"163","57","0","24","1","9439","3","5","2","3","4","3"
"164","27","0","3","1","2566","1","1","3","3","2","1"
"165","50","0","11","0","19926","3","5","3","3","3","4"
"166","41","0","14","1","2451","4","9","3","1","3","8"
"167","30","0","5","0","9419","2","10","3","2","3","9"
"168","38","0","1","0","8686","4","8","4","1","2","3"
"169","32","0","6","1","3038","3","5","5","3","3","4"
"170","27","0","17","1","3058","0","5","3","3","3","2"
"171","19","1","1","0","2325","0","0","1","3","1","0"
"172","36","0","3","1","2088","4","8","2","4","3","7"
"173","30","0","9","1","3072","1","12","3","3","3","9"
"174","45","0","4","0","5006","4","5","2","3","3","4"
"175","56","0","8","0","4257","4","2","3","3","3","2"
"176","33","0","2","1","2500","0","3","3","3","3","1"
"177","19","1","2","1","1102","1","1","3","2","2","0"
"178","46","0","1","0","10453","1","24","2","2","3","13"
"179","38","0","9","0","2288","1","2","2","3","3","2"
"180","31","0","12","0","3929","8","4","1","3","3","2"
"181","34","0","27","0","2311","2","3","2","4","3","2"
"182","41","1","20","0","3140","1","4","2","2","3","3"
"183","50","0","1","1","3690","2","3","3","3","2","2"
"184","53","0","13","0","4450","1","4","2","4","4","2"
"185","33","0","14","0","2756","1","8","3","4","3","7"
"186","40","0","4","0","19033","1","20","1","4","3","8"
"187","55","0","14","1","18722","8","24","4","3","4","15"
"188","34","0","2","1","9547","1","10","1","4","2","9"
"189","51","0","3","0","13734","3","7","3","4","3","7"
"190","52","0","1","1","19999","0","33","4","3","2","18"
"191","27","0","9","0","2279","1","7","3","4","3","7"
"192","35","1","23","1","5916","3","1","2","2","2","0"
"193","43","0","7","1","2089","4","5","3","4","4","4"
"194","45","0","2","1","16792","9","20","2","1","2","8"
"195","37","0","21","1","3564","1","8","3","2","4","7"
"196","35","0","2","0","4425","5","6","3","2","3","2"
"197","42","0","21","0","5265","2","5","2","3","3","3"
"198","38","0","2","1","6553","9","1","4","4","3","0"
"199","38","0","29","1","6261","3","7","3","4","3","7"
"200","27","0","1","1","4298","5","2","1","3","2","2"
"201","49","0","18","1","6804","1","7","4","4","3","7"
"202","34","0","10","1","3815","1","5","4","4","3","3"
"203","40","0","19","1","2741","8","7","2","3","3","2"
"204","38","1","29","1","6673","7","1","1","2","3","0"
"205","29","1","27","0","7639","1","10","3","2","3","4"
"206","22","0","5","1","2328","1","4","3","4","4","2"
"207","36","0","18","0","2153","1","8","1","2","3","1"
"208","40","0","9","1","4876","9","3","5","4","2","2"
"209","46","0","1","1","9396","7","4","4","4","3","2"
"210","32","1","4","1","10400","1","14","4","4","1","8"
"211","30","0","1","1","8474","1","11","1","3","2","8"
"212","27","0","20","0","9981","1","7","3","4","3","7"
"213","51","0","8","1","12490","5","10","4","2","2","9"
"214","30","1","3","0","2657","5","5","3","4","3","2"
"215","41","0","6","0","13591","3","1","3","4","3","0"
"216","30","1","26","0","6696","5","6","4","3","2","3"
"217","29","1","1","1","2058","0","6","3","3","3","2"
"218","45","0","6","0","8865","6","19","3","4","2","7"
"219","54","0","3","0","5940","2","6","3","4","3","2"
"220","36","0","5","1","5914","8","13","2","4","3","11"
"221","33","0","4","0","2622","6","3","4","3","2","2"
"222","37","0","11","1","12185","1","10","3","2","3","8"
"223","38","0","3","1","10609","0","16","3","1","3","10"
"224","31","0","1","1","4345","0","5","4","3","1","4"
"225","59","0","3","1","2177","3","1","3","3","2","0"
"226","37","0","4","1","2793","4","9","4","1","3","8"
"227","29","0","1","0","7918","1","11","1","2","3","10"
"228","35","0","1","0","8789","1","10","3","3","3","7"
"229","29","1","18","1","2389","1","4","1","3","2","3"
"230","52","0","2","0","3212","7","2","3","3","2","2"
"231","42","0","4","1","19232","1","22","2","3","3","17"
"232","59","0","6","1","2267","8","2","2","2","3","2"
"233","50","0","1","0","19517","3","7","4","4","3","0"
"234","33","1","14","1","2436","5","5","3","3","3","4"
"235","43","0","16","0","16064","5","17","3","4","3","13"
"236","33","1","2","0","2707","7","9","2","1","3","7"
"237","52","0","2","1","19068","1","33","4","1","2","7"
"238","32","0","4","0","3931","2","4","2","3","3","3"
"239","32","1","1","1","3730","0","3","3","4","2","2"
"240","39","0","1","0","2232","7","3","4","3","3","2"
"241","32","0","26","1","4465","0","3","4","3","3","2"
"242","41","0","19","1","3072","2","1","2","3","3","0"
"243","40","0","24","1","3319","1","9","2","1","3","8"
"244","45","0","1","1","19202","0","24","3","3","4","0"
"245","31","0","3","1","13675","9","2","4","2","3","2"
"246","33","0","5","0","2911","1","2","4","3","2","2"
"247","34","0","2","1","5957","6","11","4","4","2","9"
"248","37","0","1","0","3920","2","3","2","3","2","1"
"249","45","0","7","1","6434","4","3","4","1","4","2"
"250","37","1","10","1","10048","6","1","3","1","3","0"
"251","39","0","2","0","10938","0","19","4","3","3","6"
"252","29","0","15","1","2340","1","6","3","3","3","5"
"253","42","0","17","0","6545","3","3","2","4","4","2"
"254","29","0","20","1","6931","2","3","2","4","3","2"
"255","25","0","1","0","4898","0","4","3","1","3","2"
"256","42","0","2","0","2593","0","9","3","4","2","6"
"257","40","0","2","1","19436","0","21","2","1","3","7"
"258","51","0","1","1","2723","1","1","3","3","3","0"
"259","31","1","29","1","3479","0","5","2","3","2","4"
"260","32","0","7","1","2794","1","5","3","2","4","1"
"261","38","0","2","1","5249","3","8","2","4","2","7"
"262","32","0","2","1","2176","4","6","1","4","2","2"
"263","46","0","2","0","16872","3","7","3","3","1","7"
"264","28","1","2","1","3485","2","0","4","1","3","0"
"265","29","0","2","1","6644","2","0","3","1","2","0"
"266","31","0","23","1","5582","0","9","3","2","2","0"
"267","25","0","5","1","4000","1","6","2","2","4","3"
"268","45","0","20","1","13496","0","20","2","3","3","7"
"269","36","0","6","1","3210","0","15","3","4","3","13"
"270","55","0","1","1","19045","0","36","3","4","3","10"
"271","47","1","29","1","11849","1","10","4","1","3","7"
"272","28","0","9","1","2070","1","5","3","4","3","2"
"273","37","0","6","1","6502","4","5","4","3","3","4"
"274","21","0","3","1","3230","1","3","2","4","2","2"
"275","37","0","1","0","13603","2","5","4","1","3","2"
"276","35","0","22","0","11996","7","7","3","2","4","7"
"277","38","0","7","0","5605","1","8","2","1","4","0"
"278","26","0","1","0","6397","1","6","3","3","3","5"
"279","50","0","4","1","19144","3","10","1","1","3","4"
"280","53","0","3","1","17584","3","5","4","3","3","3"
"281","42","0","1","1","4907","1","20","1","2","3","16"
"282","29","0","2","1","4554","1","10","2","2","3","7"
"283","55","0","20","1","5415","3","10","2","2","3","7"
"284","26","0","11","1","4741","1","5","2","1","3","3"
"285","37","0","1","0","2115","1","17","3","4","3","12"
"286","44","1","24","1","3161","3","1","3","4","3","0"
"287","38","0","23","1","5745","9","2","4","4","3","2"
"288","26","1","16","1","2373","2","3","4","1","3","2"
"289","28","0","8","0","3310","1","5","2","4","3","3"
"290","49","0","10","0","18665","9","3","4","3","3","2"
"291","36","0","3","1","4485","4","8","3","3","3","0"
"292","31","0","5","0","2789","1","2","3","4","3","2"
"293","26","1","4","1","5828","1","8","4","4","2","7"
"294","37","0","9","1","2326","1","4","3","2","3","2"
"295","42","0","26","0","13525","5","20","3","3","3","4"
"296","18","1","3","1","1420","1","0","3","3","3","0"
"297","35","0","16","1","8020","0","11","3","3","3","9"
"298","36","0","18","1","3688","4","1","4","3","4","0"
"299","51","0","2","1","5482","5","4","3","4","1","1"
"300","41","0","2","1","16015","1","22","4","4","3","10"
"301","18","0","10","0","1200","1","0","3","4","2","0"
"302","28","0","16","1","5661","0","8","2","2","4","3"
"303","31","0","7","1","6929","4","8","3","2","4","7"
"304","39","0","1","1","9613","0","18","3","3","4","10"
"305","36","0","24","0","5674","7","9","4","2","3","8"
"306","32","0","7","1","5484","1","13","3","4","2","8"
"307","38","0","25","0","12061","3","10","2","1","2","8"
"308","58","0","1","1","5660","2","5","4","4","1","3"
"309","31","0","5","1","4821","0","5","4","3","3","2"
"310","31","0","2","1","6410","3","2","3","1","2","2"
"311","45","0","7","1","5210","1","24","3","1","3","9"
"312","31","0","2","1","2695","0","2","4","3","3","2"
"313","33","0","5","0","11878","6","10","4","4","3","6"
"314","39","0","10","1","17068","1","21","1","3","3","9"
"315","43","0","10","0","2455","0","8","4","3","3","7"
"316","49","0","1","0","13964","7","7","2","3","2","1"
"317","52","1","8","1","4941","2","8","4","3","2","2"
"318","27","0","5","0","2478","1","4","3","3","3","3"
"319","32","0","8","0","5228","1","13","2","3","2","12"
"320","27","0","2","1","4478","1","5","3","4","3","4"
"321","31","0","7","1","7547","4","7","3","4","3","7"
"322","32","0","2","0","5055","7","7","4","1","4","7"
"323","28","1","2","1","3464","5","3","4","1","1","2"
"324","30","0","28","0","5775","1","10","2","4","3","8"
"325","31","0","7","0","8943","1","10","2","3","2","9"
"326","39","0","7","1","19272","1","21","2","3","2","9"
"327","39","1","3","0","5238","4","1","2","4","3","0"
"328","33","0","10","1","4682","3","7","3","2","2","7"
"329","47","0","5","1","18300","4","3","5","4","3","2"
"330","43","0","10","0","5257","1","9","4","3","2","7"
"331","27","0","1","1","6349","0","5","1","3","3","4"
"332","54","0","20","0","4869","3","4","4","4","3","3"
"333","43","0","7","0","9985","8","1","3","3","3","0"
"334","45","0","8","1","3697","9","10","4","4","3","9"
"335","40","0","1","1","7457","2","4","2","2","1","3"
"336","29","1","8","1","2119","1","7","4","2","1","7"
"337","29","0","9","1","3983","0","3","5","2","2","2"
"338","30","0","5","0","6118","1","10","3","4","2","9"
"339","27","0","8","0","6214","1","8","4","2","3","7"
"340","37","0","5","1","6347","7","6","2","4","3","2"
"341","38","0","15","1","11510","0","11","2","3","2","10"
"342","31","0","7","0","7143","1","11","4","3","3","9"
"343","29","0","10","0","8268","1","7","1","4","2","7"
"344","35","0","5","1","8095","0","16","4","3","3","6"
"345","23","0","26","1","2904","1","4","1","3","3","2"
"346","41","0","6","1","6032","6","5","3","4","2","4"
"347","47","0","4","1","2976","3","0","1","2","3","0"
"348","42","0","23","0","15992","2","1","5","1","3","0"
"349","29","0","2","1","4649","1","4","3","4","3","3"
"350","42","0","2","1","2696","0","3","1","3","3","2"
"351","32","0","2","0","2370","1","8","3","3","3","0"
"352","48","0","29","0","12504","3","0","1","1","3","0"
"353","37","0","6","1","5974","4","7","3","3","4","7"
"354","30","0","25","0","4736","7","2","2","4","3","2"
"355","26","0","1","1","5296","1","8","3","3","3","7"
"356","42","0","2","1","6781","3","1","4","1","2","0"
"357","21","1","1","0","2174","1","3","1","1","2","2"
"358","36","0","1","0","6653","4","1","5","4","3","0"
"359","36","0","3","1","9699","4","13","4","1","2","9"
"360","57","0","1","1","6755","2","3","4","4","3","2"
"361","40","0","10","0","2213","3","7","4","4","4","7"
"362","21","0","9","1","2610","1","3","2","1","3","2"
"363","33","1","5","0","2851","1","1","3","4","3","0"
"364","37","0","10","0","3452","6","5","3","3","3","4"
"365","46","0","7","0","5258","2","1","4","3","3","0"
"366","41","1","4","1","9355","1","8","3","1","3","7"
"367","50","0","10","1","10496","6","4","3","4","2","3"
"368","40","1","22","1","6380","2","6","2","3","2","4"
"369","31","0","9","1","2657","0","2","4","3","2","2"
"370","21","1","12","0","2716","1","1","3","3","4","0"
"371","29","0","23","1","2201","9","3","3","4","3","2"
"372","35","0","9","1","6540","9","1","4","3","2","1"
"373","27","0","1","1","3816","1","5","2","4","3","2"
"374","28","0","9","1","5253","1","7","4","2","3","5"
"375","49","0","7","1","10965","8","5","3","2","2","2"
"376","51","0","14","0","4936","4","7","2","3","3","7"
"377","36","0","2","0","2543","4","2","3","4","3","2"
"378","34","1","19","1","5304","8","5","3","1","4","2"
"379","55","0","2","0","16659","2","5","3","3","3","4"
"380","24","0","10","0","4260","1","5","4","4","3","2"
"381","30","0","2","1","2476","1","1","1","3","3","0"
"382","26","1","3","1","3102","0","6","1","3","3","4"
"383","22","0","11","0","2244","1","2","3","1","3","1"
"384","36","0","2","1","7596","1","10","2","2","2","9"
"385","30","1","4","1","2285","9","1","3","3","3","0"
"386","37","0","14","0","3034","1","18","3","4","3","7"
"387","40","0","2","0","5715","7","5","2","4","3","4"
"388","42","0","1","0","2576","3","5","4","2","3","2"
"389","37","0","10","1","4197","2","1","4","3","3","0"
"390","43","0","12","1","14336","1","25","3","1","2","10"
"391","40","0","2","0","3448","6","1","3","2","2","0"
"392","54","0","5","1","19406","4","4","2","1","3","2"
"393","34","0","4","0","6538","9","3","4","3","3","2"
"394","31","0","7","0","4306","1","13","2","2","3","10"
"395","43","0","21","1","2258","7","3","3","4","3","2"
"396","43","0","8","0","4522","4","5","4","3","3","2"
"397","25","0","4","0","4487","1","5","2","2","2","4"
"398","37","0","25","0","4449","3","13","5","2","3","11"
"399","31","0","1","1","2218","1","4","2","4","2","2"
"400","39","0","1","1","19197","1","21","1","2","3","8"
"401","56","0","6","0","13212","9","7","3","3","4","7"
"402","30","0","12","0","6577","0","5","3","2","3","4"
"403","41","0","1","1","8392","1","10","3","2","4","7"
"404","28","0","17","1","4558","1","10","2","3","3","0"
"405","25","1","3","1","4031","5","2","3","1","3","2"
"406","52","0","3","1","7969","2","5","3","4","2","4"
"407","45","0","10","1","2654","3","2","2","1","3","2"
"408","52","0","4","0","16555","2","5","2","4","3","2"
"409","42","0","29","0","4556","2","5","2","1","3","4"
"410","30","0","2","0","6091","2","5","3","3","1","4"
"411","60","0","7","0","19566","5","29","3","1","3","8"
"412","46","0","18","0","4810","2","10","3","3","3","7"
"413","42","0","28","0","4523","0","6","4","4","2","5"
"414","24","1","1","0","3202","1","5","1","1","3","3"
"415","34","1","6","0","2351","0","2","2","4","1","2"
"416","38","0","2","1","1702","1","1","2","4","3","0"
"417","40","0","2","0","18041","0","20","4","3","3","15"
"418","26","0","23","0","2886","1","3","3","1","3","2"
"419","30","0","3","1","2097","4","5","3","3","3","3"
"420","29","0","3","1","11935","1","10","4","2","2","2"
"421","29","1","25","0","2546","5","2","5","3","2","2"
"422","19","1","2","1","2564","1","1","2","1","2","0"
"423","30","0","22","0","8412","0","9","4","3","3","8"
"424","57","0","29","1","14118","3","1","3","1","2","0"
"425","50","0","29","1","17046","0","27","4","2","2","10"
"426","30","0","2","0","2564","0","11","3","3","3","7"
"427","60","0","28","0","10266","4","18","3","3","2","13"
"428","47","0","2","0","5070","5","5","2","1","3","0"
"429","46","0","2","1","17861","6","3","3","1","3","2"
"430","35","0","22","1","4230","0","5","3","4","1","4"
"431","54","0","8","0","3780","7","1","4","3","3","0"
"432","34","0","2","1","2768","3","7","4","4","2","3"
"433","46","0","10","0","9071","2","3","3","3","2","2"
"434","31","0","9","1","10648","1","13","1","3","3","8"
"435","33","1","15","1","13610","7","7","1","2","3","6"
"436","33","1","10","1","3408","7","4","1","1","1","3"
"437","30","0","7","1","2983","0","3","1","4","3","2"
"438","35","0","16","1","7632","4","8","3","4","3","7"
"439","31","1","20","1","9824","3","1","3","1","3","0"
"440","34","1","23","0","9950","9","3","3","2","3","2"
"441","42","0","5","1","2093","4","2","2","2","3","2"
"442","36","0","10","1","9980","1","10","4","2","3","3"
"443","22","1","4","1","3894","5","2","1","3","2","2"
"444","48","0","2","0","4051","2","9","5","2","3","7"
"445","55","0","18","0","16835","3","10","5","1","3","9"
"446","41","0","10","1","6230","7","14","2","4","3","3"
"447","35","0","1","1","4717","9","11","3","2","3","9"
"448","40","0","6","0","13237","7","20","3","2","3","6"
"449","39","0","8","0","3755","1","8","1","3","3","3"
"450","31","0","2","1","6582","4","6","1","2","3","5"
"451","42","0","24","1","7406","1","10","3","4","3","9"
"452","45","0","2","1","4805","0","8","3","4","3","7"
"453","26","1","17","0","2741","0","7","4","2","3","7"
"454","29","0","19","1","4262","4","3","3","4","3","2"
"455","33","0","1","0","16184","4","6","5","1","4","1"
"456","31","0","7","1","11557","9","5","3","3","2","4"
"457","18","1","5","1","1878","1","0","3","2","3","0"
"458","40","0","28","1","10932","3","1","3","3","1","0"
"459","41","0","2","0","6811","2","8","4","1","2","7"
"460","26","0","29","1","4306","5","0","2","1","3","0"
"461","35","0","1","0","4859","1","5","3","1","3","4"
"462","34","0","21","1","5337","1","10","4","4","4","7"
"463","26","1","24","1","2340","1","1","3","3","1","0"
"464","37","0","1","0","7491","4","6","3","2","3","5"
"465","46","0","18","0","10527","5","2","1","1","3","2"
"466","41","0","2","0","16595","7","18","5","2","3","16"
"467","37","0","9","1","8834","1","9","4","1","3","5"
"468","52","0","6","1","5577","3","10","2","4","3","9"
"469","32","1","11","1","4707","8","4","4","4","4","2"
"470","24","0","24","1","2400","0","2","3","4","3","2"
"471","38","0","10","0","9824","3","1","3","3","3","0"
"472","37","0","1","0","6447","6","6","4","2","3","5"
"473","49","0","18","1","19502","1","31","4","4","2","9"
"474","24","0","23","1","2725","1","6","3","2","4","5"
"475","26","0","28","1","6272","1","5","2","1","3","3"
"476","24","0","17","1","2127","1","1","2","4","2","0"
"477","50","0","3","1","18200","1","32","3","1","3","5"
"478","25","0","13","1","2096","1","7","1","2","3","4"
"479","24","1","7","0","2886","1","6","3","1","3","3"
"480","30","1","12","1","2033","1","1","4","2","2","0"
"481","34","0","1","1","3622","1","6","2","2","2","5"
"482","31","1","13","1","4233","2","3","4","2","3","1"
"483","35","0","25","1","3681","4","3","2","1","2","2"
"484","31","0","6","1","5460","4","7","4","1","4","7"
"485","27","0","6","0","2187","0","5","4","1","2","3"
"486","37","0","2","1","9602","4","3","3","4","3","0"
"487","20","0","1","0","2836","1","1","3","4","2","0"
"488","42","0","2","0","4089","1","10","4","3","3","2"
"489","43","0","6","1","16627","4","1","4","2","2","0"
"490","38","0","1","0","2619","3","0","1","3","3","0"
"491","43","0","9","1","5679","3","8","5","4","3","7"
"492","48","0","1","0","15402","7","3","4","4","2","2"
"493","44","0","1","0","5985","4","2","4","1","2","2"
"494","34","0","14","0","2579","1","8","3","3","3","2"
"495","27","1","2","1","3041","0","4","1","3","3","3"
"496","21","0","22","1","3447","1","3","1","3","3","2"
"497","44","0","3","1","19513","4","2","4","4","3","2"
"498","22","0","6","1","2773","0","2","1","1","3","2"
"499","33","0","8","1","7104","0","5","4","3","3","0"
"500","32","0","9","0","6322","1","6","4","1","3","4"
"501","30","0","3","0","2083","1","1","3","3","3","0"
"502","53","0","1","0","8381","7","14","1","4","3","7"
"503","34","0","1","1","2691","1","10","5","2","3","9"
"504","45","1","26","0","4286","2","1","4","1","3","1"
"505","26","0","6","0","2659","1","3","3","3","3","2"
"506","37","0","3","1","9434","1","10","3","3","3","7"
"507","29","0","3","0","5561","1","6","2","2","3","0"
"508","35","0","6","1","6646","1","17","4","2","1","11"
"509","33","0","6","1","7725","3","13","3","3","3","11"
"510","54","0","19","1","10725","2","9","4","3","3","7"
"511","36","0","9","1","8847","2","3","2","2","2","2"
"512","27","0","3","1","2045","0","4","4","1","2","2"
"513","20","1","10","1","1009","1","1","1","4","3","0"
"514","33","1","3","1","3348","1","10","3","1","3","8"
"515","35","0","3","1","1281","1","1","3","3","2","0"
"516","23","0","4","1","2819","2","3","3","1","4","2"
"517","25","0","8","1","4851","0","3","3","4","4","2"
"518","38","0","7","0","4028","0","7","4","4","2","7"
"519","29","0","1","1","2720","1","10","4","2","1","7"
"520","48","0","2","1","8120","3","2","1","2","4","2"
"521","27","0","3","0","4647","1","6","1","4","4","5"
"522","37","0","10","1","4680","3","1","2","4","4","0"
"523","50","0","28","1","3221","1","20","1","4","4","8"
"524","34","0","9","0","8621","1","8","3","4","2","7"
"525","24","1","3","0","4577","9","2","2","1","3","2"
"526","39","0","2","0","4553","1","20","4","4","2","7"
"527","32","0","10","1","5396","1","10","3","4","3","7"
"528","50","1","8","1","6796","3","4","2","2","3","3"
"529","38","0","1","0","7625","0","9","4","2","4","7"
"530","27","0","1","0","7412","1","9","2","3","3","7"
"531","32","0","3","0","11159","3","7","2","3","3","7"
"532","47","0","14","1","4960","2","7","4","4","3","7"
"533","40","0","5","1","10475","5","18","4","4","2","13"
"534","53","0","7","1","14814","3","5","3","3","4","1"
"535","41","0","10","1","19141","3","21","4","2","2","6"
"536","60","0","16","1","5405","8","2","4","1","3","2"
"537","27","0","10","1","8793","1","9","2","4","3","7"
"538","41","0","1","1","19189","1","22","3","4","2","7"
"539","50","0","8","1","3875","7","2","4","4","3","2"
"540","28","1","1","0","2216","7","7","2","1","1","7"
"541","36","0","8","0","11713","9","8","3","1","4","7"
"542","38","0","1","0","7861","4","1","3","3","3","0"
"543","44","0","24","1","3708","2","5","3","1","1","2"
"544","47","0","3","0","13770","9","22","3","4","3","2"
"545","30","0","27","1","5304","7","8","5","3","3","7"
"546","29","0","10","1","2642","1","1","3","3","3","0"
"547","42","1","19","1","2759","6","2","3","3","4","2"
"548","43","0","15","1","6804","3","2","3","4","2","2"
"549","34","0","8","0","6142","3","5","2","2","3","1"
"550","23","0","9","1","2500","1","4","1","2","3","3"
"551","39","0","3","0","6389","9","8","3","3","4","3"
"552","56","0","9","1","11103","7","10","3","3","3","7"
"553","40","0","2","0","2342","0","4","1","4","2","2"
"554","27","0","7","0","6811","8","7","3","4","2","6"
"555","29","0","10","1","2297","1","2","3","4","3","2"
"556","53","0","6","1","2450","2","2","3","4","3","2"
"557","35","0","2","0","5093","2","1","4","4","3","0"
"558","32","0","24","1","5309","1","10","4","1","3","8"
"559","38","0","2","1","3057","6","1","5","4","3","0"
"560","34","0","8","0","5121","3","0","5","2","3","0"
"561","52","0","3","1","16856","1","34","4","3","2","6"
"562","33","1","1","1","2686","1","10","4","4","3","9"
"563","25","0","26","0","6180","1","6","1","3","3","5"
"564","45","0","2","1","6632","0","8","2","2","1","7"
"565","23","0","10","1","3505","1","2","1","1","4","2"
"566","47","1","27","0","6397","4","5","2","2","4","4"
"567","34","0","2","1","6274","1","6","3","4","3","5"
"568","55","1","2","1","19859","5","5","3","4","3","2"
"569","36","0","8","1","7587","1","10","4","1","2","7"
"570","52","0","19","1","4258","0","4","4","4","3","3"
"571","26","0","1","0","4364","3","2","2","1","1","2"
"572","29","0","27","0","4335","4","8","3","2","3","7"
"573","26","1","8","1","5326","6","4","3","4","2","3"
"574","34","0","1","0","3280","2","4","4","2","4","2"
"575","54","0","19","0","5485","9","5","4","4","3","3"
"576","27","0","8","1","4342","0","4","1","3","3","2"
"577","37","0","10","0","2782","0","5","1","4","3","3"
"578","38","0","2","0","5980","6","15","4","1","4","7"
"579","34","0","2","0","4381","1","6","4","3","2","5"
"580","35","0","8","0","2572","1","3","4","1","3","2"
"581","30","0","1","1","3833","3","2","3","4","1","2"
"582","40","0","2","0","4244","1","8","2","3","4","7"
"583","34","0","8","0","6500","5","3","2","3","3","2"
"584","42","0","8","1","18430","1","24","3","2","3","7"
"585","23","1","6","1","1601","1","0","3","3","4","0"
"586","24","0","9","1","2694","1","1","3","3","2","0"
"587","52","0","11","0","3149","8","5","4","4","3","2"
"588","50","0","2","1","17639","5","4","3","3","3","3"
"589","29","1","1","0","2319","1","1","2","2","2","0"
"590","33","0","7","1","11691","0","13","3","3","3","9"
"591","33","1","16","0","5324","5","3","3","1","3","2"
"592","47","0","2","0","16752","1","26","2","3","3","14"
"593","36","0","1","0","5228","0","9","3","3","3","7"
"594","29","0","23","1","2700","1","10","2","3","4","7"
"595","58","1","2","1","19246","7","31","4","4","3","15"
"596","35","0","1","0","2506","3","2","4","4","4","2"
"597","42","0","1","0","6062","9","4","2","4","2","3"
"598","28","1","2","1","4382","6","2","4","3","3","2"
"599","36","0","13","1","2143","4","5","3","3","3","2"
"600","32","0","4","0","6162","1","14","3","3","2","13"
"601","40","0","16","1","5094","6","1","4","1","2","0"
"602","30","0","2","0","6877","5","0","3","3","2","0"
"603","45","0","2","0","2274","1","1","3","2","2","0"
"604","42","0","29","1","4434","1","9","3","2","3","8"
"605","38","0","12","1","6288","2","4","3","1","2","3"
"606","34","0","16","0","2553","1","5","4","3","2","2"
"607","49","1","11","0","7654","1","9","3","3","3","8"
"608","55","1","2","1","5160","4","9","1","3","3","7"
"609","43","0","14","1","17159","6","4","2","2","3","1"
"610","27","0","5","1","12808","1","9","1","3","2","8"
"611","35","0","7","1","10221","3","8","3","3","3","5"
"612","28","0","2","0","4779","1","8","4","2","3","7"
"613","34","0","3","1","3737","0","3","2","3","3","2"
"614","26","1","5","0","2366","1","8","2","3","2","7"
"615","27","0","3","1","1706","1","0","3","4","3","0"
"616","51","0","26","0","16307","2","20","4","1","3","6"
"617","44","0","4","1","5933","9","5","3","4","3","2"
"618","25","0","2","1","3424","7","4","1","1","4","3"
"619","33","0","1","1","4037","1","9","3","1","4","8"
"620","35","0","27","0","2559","1","6","1","3","2","5"
"621","36","0","1","1","6201","1","18","2","2","3","14"
"622","32","0","13","1","4403","2","5","4","2","3","2"
"623","30","0","5","1","3761","9","5","4","2","2","4"
"624","53","0","7","0","10934","7","5","2","1","2","2"
"625","45","0","9","1","10761","4","5","3","4","3","4"
"626","32","0","8","0","5175","5","5","2","3","4","3"
"627","52","0","25","0","13826","3","9","4","3","2","8"
"628","37","0","16","1","6334","4","1","4","4","2","0"
"629","28","0","8","1","4936","1","5","2","2","2","1"
"630","22","0","1","1","4775","6","2","2","4","2","2"
"631","44","0","8","1","2818","2","3","4","1","4","2"
"632","42","0","2","1","2515","5","2","1","2","3","1"
"633","36","0","8","1","2342","0","5","3","1","2","4"
"634","25","0","3","1","4194","1","5","1","3","3","3"
"635","35","0","9","0","10685","1","17","3","4","2","14"
"636","35","1","25","0","2022","1","10","4","4","3","2"
"637","32","0","1","1","2314","0","3","3","4","3","0"
"638","25","0","4","1","4256","1","5","1","3","2","2"
"639","49","0","1","0","3580","2","4","3","3","3","2"
"640","24","0","4","1","3162","0","5","1","1","2","2"
"641","32","0","5","1","6524","1","10","2","2","3","8"
"642","38","0","9","1","2899","0","2","3","2","2","2"
"643","42","0","3","0","5231","2","5","3","3","4","3"
"644","31","0","11","1","2356","3","6","4","4","3","4"
"645","29","1","1","0","2800","6","3","3","2","2","2"
"646","53","0","8","1","11836","5","2","3","1","3","0"
"647","35","0","25","1","10903","3","13","3","4","2","10"
"648","37","0","21","0","2973","5","5","2","3","3","4"
"649","53","0","23","0","14275","6","12","4","4","3","9"
"650","43","0","1","0","5562","4","5","3","4","3","2"
"651","47","0","2","0","4537","0","7","2","3","3","6"
"652","37","0","19","1","7642","1","10","2","1","3","0"
"653","50","0","2","1","17924","1","31","4","1","3","6"
"654","39","0","2","0","5204","8","5","3","4","2","4"
"655","33","0","3","1","2277","3","4","2","4","3","3"
"656","32","1","25","1","2795","1","1","4","1","3","0"
"657","29","0","7","0","2532","6","4","1","1","2","3"
"658","44","0","9","1","2559","1","8","2","2","3","7"
"659","28","0","5","1","4908","1","4","4","1","3","2"
"660","58","1","2","1","2380","9","1","1","4","2","0"
"661","43","0","8","0","4765","4","1","3","1","3","0"
"662","20","1","2","0","2044","1","2","3","3","2","2"
"663","21","1","18","0","2693","1","1","1","4","3","0"
"664","36","0","14","1","6586","0","16","1","3","3","8"
"665","47","0","2","0","3294","1","3","4","4","2","2"
"666","22","1","3","0","4171","0","3","1","2","3","2"
"667","41","1","2","0","2778","4","7","4","2","1","7"
"668","28","0","9","0","2377","5","2","3","3","3","2"
"669","39","1","6","1","2404","7","2","3","4","3","2"
"670","27","0","4","0","2318","1","1","3","2","3","1"
"671","34","0","10","1","2008","1","1","3","2","3","0"
"672","42","0","14","0","6244","7","5","2","3","2","4"
"673","33","0","1","1","2799","3","3","4","3","2","2"
"674","58","0","5","0","10552","2","6","3","3","2","0"
"675","31","0","7","1","2329","3","7","4","2","2","7"
"676","35","0","21","0","4014","1","10","1","4","3","6"
"677","49","0","8","0","7403","4","26","2","1","3","9"
"678","48","0","20","1","2259","4","0","4","4","3","0"
"679","31","0","20","0","6932","1","9","2","4","3","8"
"680","36","0","7","1","4678","2","6","4","2","3","2"
"681","38","0","1","0","13582","1","15","3","4","3","12"
"682","32","0","1","0","2332","6","3","3","3","2","0"
"683","25","1","19","1","2413","1","1","2","3","2","0"
"684","40","0","10","1","9705","2","1","4","1","2","0"
"685","26","0","1","1","4294","1","7","3","3","2","7"
"686","41","0","6","1","4721","2","18","3","4","3","13"
"687","36","0","2","1","2519","4","11","4","3","3","8"
"688","19","1","21","1","2121","1","1","3","4","2","0"
"689","20","1","4","1","2973","1","1","3","1","3","0"
"690","31","0","12","0","5855","0","9","3","4","3","7"
"691","40","0","9","1","3617","8","1","4","4","3","1"
"692","32","0","3","0","6725","1","8","4","3","3","7"
"693","36","1","3","1","10325","1","16","1","3","2","7"
"694","33","0","1","0","6949","0","5","3","2","2","0"
"695","37","1","1","1","10609","5","14","4","1","2","1"
"696","45","0","4","1","4447","1","9","2","3","3","7"
"697","29","0","20","0","2157","1","3","3","3","3","1"
"698","35","0","18","0","4601","1","5","3","3","3","2"
"699","52","0","1","1","17099","2","9","2","4","3","8"
"700","58","1","2","1","2479","4","1","3","4","3","0"
"701","53","0","2","1","14852","6","17","2","3","3","13"
"702","30","0","8","1","7264","5","8","2","3","3","4"
"703","38","0","10","0","5666","1","5","3","3","3","3"
"704","35","0","3","1","7823","6","10","4","4","3","9"
"705","39","0","2","1","7880","0","8","5","1","4","7"
"706","40","1","24","0","13194","4","1","3","2","4","0"
"707","47","0","16","1","5067","1","19","4","3","4","10"
"708","36","0","8","1","5079","4","7","4","1","3","7"
"709","31","1","9","1","2321","0","3","2","3","2","2"
"710","33","0","17","1","17444","1","10","3","4","3","8"
"711","29","1","10","0","2404","6","0","3","4","2","0"
"712","33","0","13","0","3452","3","3","1","2","3","2"
"713","45","0","1","0","2270","3","5","4","4","3","3"
"714","50","0","1","1","17399","9","5","2","4","3","4"
"715","33","0","1","0","5488","1","6","4","3","4","5"
"716","41","0","9","1","19419","2","18","3","1","3","16"
"717","27","0","16","0","2811","9","2","4","3","3","2"
"718","45","0","23","1","3633","1","9","2","4","3","8"
"719","47","0","4","0","4163","1","9","2","4","3","0"
"720","30","1","22","0","2132","4","5","3","1","3","2"
"721","50","0","24","1","13973","3","12","3","4","3","11"
"722","38","0","10","1","2684","0","2","1","3","3","1"
"723","46","0","7","1","10845","6","8","2","4","3","7"
"724","24","0","17","0","4377","1","4","1","4","2","2"
"725","35","1","14","1","3743","1","4","4","3","2","2"
"726","31","0","1","0","4148","1","4","1","3","3","3"
"727","18","0","5","1","1051","1","0","2","2","3","0"
"728","54","0","17","0","10739","8","10","3","3","3","7"
"729","35","0","25","0","10388","1","16","4","3","3","10"
"730","30","0","8","0","11416","0","8","2","2","4","7"
"731","20","1","11","0","2600","1","1","3","4","2","0"
"732","30","1","5","0","2422","0","3","3","2","3","2"
"733","26","0","2","1","5472","1","8","2","4","4","7"
"734","22","0","8","1","2451","1","4","1","2","1","3"
"735","48","0","6","1","4240","2","2","3","1","2","2"
"736","48","0","4","1","10999","7","15","4","3","2","11"
"737","41","0","7","0","5003","6","2","2","4","3","2"
"738","39","0","1","0","12742","1","21","1","4","2","6"
"739","27","0","2","0","4227","0","3","4","1","3","2"
"740","35","0","10","1","3917","1","3","3","2","3","2"
"741","42","0","5","1","18303","6","1","2","4","3","0"
"742","50","0","9","1","2380","4","1","3","1","3","0"
"743","59","0","2","0","13726","3","5","3","3","2","3"
"744","37","1","11","0","4777","5","1","2","1","1","0"
"745","55","0","18","1","6385","3","8","4","3","3","7"
"746","41","0","7","0","19973","1","21","1","2","1","16"
"747","38","0","3","1","6861","8","1","4","2","3","0"
"748","26","1","29","1","4969","8","2","2","2","1","2"
"749","52","1","2","0","19845","1","32","1","1","1","14"
"750","44","0","28","0","13320","3","12","3","4","4","11"
"751","50","0","1","0","6347","0","18","3","4","3","7"
"752","36","1","16","0","2743","1","17","4","3","4","13"
"753","39","0","22","0","10880","1","21","3","4","3","6"
"754","33","0","8","0","2342","0","2","1","2","2","2"
"755","45","0","11","0","17650","3","9","2","4","3","3"
"756","32","0","29","0","4025","9","8","4","4","3","7"
"757","34","0","1","1","9725","0","15","4","2","4","1"
"758","59","0","1","1","11904","3","6","2","2","3","4"
"759","45","0","24","1","2177","1","6","4","2","3","3"
"760","53","0","2","0","7525","2","15","3","3","2","7"
"761","36","1","15","1","4834","7","1","3","1","3","0"
"762","26","1","2","1","2042","6","3","3","1","3","2"
"763","34","0","10","0","2220","1","1","4","3","3","1"
"764","28","0","10","1","1052","1","1","1","4","3","0"
"765","38","0","3","1","2821","3","2","4","3","3","2"
"766","50","0","2","1","19237","2","8","4","2","3","1"
"767","37","0","3","0","4107","3","4","3","4","3","3"
"768","40","0","26","1","8396","1","7","3","3","3","7"
"769","26","0","1","0","2007","1","5","1","1","2","3"
"770","46","0","1","1","19627","9","2","4","4","3","2"
"771","54","0","2","0","10686","6","9","4","3","2","4"
"772","56","0","9","0","2942","2","5","3","1","3","4"
"773","36","0","12","0","8858","0","14","5","4","2","8"
"774","55","0","2","1","16756","7","9","1","3","2","7"
"775","43","0","25","1","10798","5","1","3","3","2","0"
"776","20","1","9","0","2323","1","2","3","4","3","2"
"777","21","1","10","0","1416","1","1","3","3","2","0"
"778","46","0","8","0","4615","8","16","4","4","2","13"
"779","51","1","4","1","2461","9","10","4","1","3","0"
"780","28","1","24","1","8722","1","10","2","2","2","7"
"781","26","0","1","1","3955","1","5","2","1","2","3"
"782","30","0","20","1","9957","0","6","3","3","3","2"
"783","41","0","7","0","3376","1","10","2","2","4","6"
"784","38","0","17","0","8823","0","19","1","3","2","9"
"785","40","0","20","1","10322","4","11","4","1","3","10"
"786","27","0","8","1","4621","1","3","5","1","1","2"
"787","55","0","2","1","10976","3","3","1","4","3","2"
"788","28","0","10","0","3660","3","8","3","3","3","7"
"789","44","1","1","1","10482","9","20","2","2","2","6"
"790","33","0","5","1","7119","4","3","3","4","2","2"
"791","35","1","4","1","9582","0","8","3","4","3","7"
"792","33","1","29","0","4508","1","13","4","1","2","7"
"793","28","0","15","1","2207","1","4","2","1","3","2"
"794","34","0","3","1","7756","0","6","1","1","3","2"
"795","37","0","10","0","6694","2","1","4","4","2","0"
"796","25","1","4","1","3691","1","7","1","4","3","7"
"797","26","1","21","1","2377","1","1","3","1","3","1"
"798","33","1","25","1","2313","4","2","3","1","2","2"
"799","42","0","2","1","17665","0","22","2","4","3","6"
"800","28","1","1","1","2596","1","1","3","1","2","0"
"801","50","1","1","1","4728","3","0","4","4","3","0"
"802","33","0","7","0","4302","0","3","3","4","3","2"
"803","34","0","3","1","2979","3","0","4","3","2","0"
"804","48","0","1","1","16885","2","5","4","1","4","4"
"805","45","0","9","0","5593","1","15","4","2","2","10"
"806","52","0","7","1","10445","7","8","4","2","3","6"
"807","38","0","10","1","8740","0","8","4","3","2","7"
"808","29","0","28","0","2514","4","7","4","3","3","5"
"809","28","0","3","0","7655","0","9","3","4","3","7"
"810","46","0","3","1","17465","3","12","1","1","3","9"
"811","38","0","2","1","7351","7","1","2","4","3","0"
"812","43","0","27","0","10820","8","8","3","3","3","7"
"813","39","1","2","1","12169","7","18","3","1","3","7"
"814","40","0","14","1","19626","1","20","3","3","2","7"
"815","21","0","1","0","2070","1","2","1","4","2","2"
"816","39","0","9","1","6782","9","5","3","3","3","4"
"817","36","0","18","1","7779","2","11","4","1","3","9"
"818","31","0","20","1","2791","0","2","3","3","4","2"
"819","28","0","2","1","3201","0","5","1","1","2","3"
"820","35","0","11","1","4968","1","5","2","4","3","2"
"821","49","0","8","1","13120","6","9","4","4","2","8"
"822","34","0","2","1","4033","2","3","2","4","3","2"
"823","29","0","10","0","3291","0","7","3","4","3","5"
"824","42","0","29","1","4272","4","1","3","2","1","0"
"825","29","0","8","1","5056","1","10","1","2","2","7"
"826","38","0","1","1","2844","1","7","3","3","4","6"
"827","28","0","6","1","2703","1","3","3","3","2","1"
"828","18","1","8","1","1904","1","0","1","3","3","0"
"829","33","1","9","0","8224","0","5","4","1","3","2"
"830","41","0","12","1","4766","3","1","4","2","3","0"
"831","31","1","15","1","2610","1","2","3","3","3","2"
"832","37","0","25","0","5731","7","6","2","3","2","2"
"833","27","0","6","1","2539","1","4","3","4","2","2"
"834","34","0","9","0","5714","1","6","1","2","3","5"
"835","35","0","8","1","4323","1","5","4","3","3","4"
"836","29","1","23","0","7336","1","11","1","4","2","8"
"837","40","0","9","0","13499","9","18","4","2","3","7"
"838","42","1","12","1","13758","0","21","3","3","3","9"
"839","42","0","4","1","5155","7","6","4","2","3","4"
"840","35","0","1","1","2258","6","8","4","4","2","0"
"841","24","0","24","1","3597","8","4","3","4","3","3"
"842","28","1","12","0","2515","1","1","1","3","3","1"
"843","26","0","3","1","4420","1","8","4","1","4","7"
"844","30","0","10","1","6578","1","10","3","3","2","3"
"845","40","0","26","0","4422","3","1","2","3","2","1"
"846","35","0","2","1","10274","2","7","3","3","2","7"
"847","34","0","1","1","5343","0","13","3","4","2","9"
"848","35","0","4","1","2376","1","2","4","4","2","2"
"849","43","1","9","0","5346","8","4","3","1","1","3"
"850","32","0","2","0","2827","1","1","1","3","3","0"
"851","56","0","4","0","19943","4","5","4","4","3","2"
"852","29","0","6","0","3131","1","10","1","2","3","8"
"853","19","0","9","1","2552","1","1","2","3","3","1"
"854","45","0","7","0","4477","4","3","3","1","3","2"
"855","37","0","1","0","6474","1","14","3","4","2","8"
"856","20","0","3","1","3033","1","2","3","1","2","2"
"857","44","1","10","1","2936","1","6","4","3","3","4"
"858","53","0","7","0","18606","3","7","2","4","3","7"
"859","29","0","15","0","2168","0","5","1","2","1","4"
"860","22","1","3","1","2853","0","0","4","3","2","0"
"861","46","0","2","0","17048","8","26","3","3","3","15"
"862","44","0","17","1","2290","2","0","3","4","1","0"
"863","33","0","2","1","3600","1","5","3","2","3","4"
"864","41","1","5","1","2107","6","1","2","1","2","0"
"865","30","0","29","1","4115","8","4","4","3","3","3"
"866","40","0","2","1","4327","5","0","4","2","3","0"
"867","50","0","2","0","17856","2","2","3","4","3","2"
"868","28","0","19","1","3196","1","6","4","4","2","5"
"869","46","0","15","1","19081","5","4","2","4","3","2"
"870","35","0","17","1","8966","3","7","4","3","3","7"
"871","24","1","17","0","2210","1","1","2","4","3","0"
"872","33","0","25","0","4539","1","10","3","2","3","7"
"873","36","0","6","1","2741","1","7","4","3","1","7"
"874","30","0","7","1","3491","1","10","4","3","3","7"
"875","44","0","29","1","4541","1","20","4","4","3","11"
"876","20","0","21","1","2678","1","2","3","3","4","1"
"877","46","0","2","1","7379","2","6","4","4","3","3"
"878","42","0","2","1","6272","7","4","5","4","4","3"
"879","60","0","7","1","5220","0","11","4","2","4","7"
"880","32","0","13","0","2743","1","2","3","3","2","2"
"881","32","0","2","0","4998","4","8","2","4","3","7"
"882","36","0","1","0","10252","2","7","3","3","1","7"
"883","33","0","9","1","2781","0","14","3","1","3","10"
"884","40","0","10","0","6852","7","5","3","2","2","1"
"885","25","0","10","1","4950","0","4","4","3","3","3"
"886","30","0","1","1","3579","0","11","3","4","3","9"
"887","42","0","26","0","13191","3","1","5","1","3","0"
"888","35","0","8","0","10377","4","13","2","3","2","2"
"889","27","0","14","1","2235","1","9","3","1","3","7"
"890","54","0","1","0","10502","7","5","4","4","3","4"
"891","44","0","2","0","2011","1","10","1","1","4","5"
"892","19","1","10","0","1859","1","1","3","1","2","1"
"893","29","0","1","0","3760","1","3","3","1","3","2"
"894","54","0","3","1","17779","3","10","3","4","3","9"
"895","31","0","11","1","6833","1","6","2","3","3","5"
"896","31","0","24","0","6812","1","10","3","3","2","9"
"897","59","0","3","0","5171","5","6","3","3","2","1"
"898","43","0","3","1","19740","3","8","3","3","1","7"
"899","49","0","4","1","18711","2","1","2","1","2","0"
"900","36","0","3","1","3692","1","11","3","3","3","10"
"901","48","0","2","1","2559","5","1","2","4","4","0"
"902","27","0","4","1","2517","1","5","2","1","3","3"
"903","29","0","7","1","6623","1","6","3","3","3","0"
"904","48","0","1","1","18265","6","1","3","4","2","0"
"905","29","0","1","0","16124","3","7","3","4","2","7"
"906","34","0","20","0","2585","0","1","3","3","4","0"
"907","44","0","5","1","18213","7","22","3","2","3","9"
"908","33","0","10","1","8380","0","9","5","4","4","8"
"909","19","0","25","0","2994","1","1","3","2","4","0"
"910","23","0","1","1","1223","1","1","2","4","3","0"
"911","25","1","24","1","1118","1","1","1","3","1","0"
"912","26","0","4","1","2875","1","8","2","3","3","5"
"913","45","1","2","0","18824","2","24","3","1","1","10"
"914","55","0","8","1","13577","1","33","1","4","2","9"
"915","21","1","10","0","2625","1","2","2","1","2","2"
"916","46","0","4","0","18789","2","11","2","4","2","4"
"917","34","0","2","0","4538","0","3","3","3","3","2"
"918","51","0","9","1","19847","4","29","3","4","3","10"
"919","59","0","18","1","10512","6","9","4","4","3","7"
"920","34","0","19","0","4444","4","11","3","3","3","8"
"921","28","0","1","1","2154","0","4","4","4","3","2"
"922","44","0","4","1","19190","1","25","2","3","4","9"
"923","34","0","11","1","4490","4","10","3","3","2","9"
"924","35","0","6","1","3506","0","3","1","3","3","2"
"925","42","0","7","0","2372","6","1","4","2","4","0"
"926","43","0","4","0","10231","3","21","4","4","2","7"
"927","36","0","2","0","5410","9","16","4","3","3","14"
"928","44","1","15","0","7978","1","10","3","1","3","7"
"929","28","0","2","1","3867","1","2","3","4","2","2"
"930","51","0","6","0","2838","0","7","2","2","2","0"
"931","30","0","9","0","4695","7","8","2","3","3","4"
"932","29","1","7","0","3339","3","7","3","2","3","7"
"933","28","0","1","1","2080","2","3","3","4","3","2"
"934","25","0","1","0","2096","1","2","3","4","3","2"
"935","32","0","8","1","6209","1","10","3","3","4","7"
"936","45","0","25","0","18061","3","0","3","2","3","0"
"937","39","0","13","0","17123","6","19","4","3","2","9"
"938","58","0","23","1","2372","1","2","4","1","3","2"
"939","32","1","7","1","4883","1","10","2","4","3","4"
"940","39","1","23","1","3904","0","5","3","3","3","2"
"941","30","0","6","0","4627","0","9","3","1","2","2"
"942","36","0","10","0","7094","3","7","4","4","3","7"
"943","46","0","1","0","3423","6","7","2","4","3","6"
"944","28","0","1","0","6674","0","9","3","3","1","8"
"945","50","0","28","0","16880","4","3","3","4","3","2"
"946","40","1","25","1","9094","2","5","4","4","2","4"
"947","52","1","5","1","8446","9","8","3","2","3","7"
"948","30","0","17","0","11916","1","9","4","2","3","1"
"949","39","0","18","1","4534","0","8","2","1","3","7"
"950","31","0","2","0","9852","1","10","4","4","3","8"
"951","41","0","10","1","6151","1","19","2","3","1","2"
"952","31","1","1","0","2302","1","3","3","4","3","2"
"953","44","1","3","1","2362","4","3","3","1","3","2"
"954","42","0","2","1","17861","0","20","1","3","3","8"
"955","55","0","2","0","19187","4","19","2","4","1","9"
"956","56","0","8","1","19717","6","7","4","4","3","3"
"957","40","0","16","1","3544","9","4","2","3","3","2"
"958","34","0","9","1","8500","0","9","3","4","3","7"
"959","40","0","2","1","4661","1","9","3","3","3","8"
"960","41","0","1","0","4103","0","9","3","3","3","3"
"961","35","0","4","1","4249","1","9","4","3","3","6"
"962","51","0","5","1","14026","1","33","3","3","3","9"
"963","38","0","2","0","6893","3","7","2","2","3","7"
"964","34","0","15","0","6125","1","10","2","3","3","8"
"965","25","0","19","1","3669","3","3","1","4","3","2"
"966","58","1","7","0","10008","7","10","4","3","2","9"
"967","40","0","1","1","2387","3","4","4","2","3","2"
"968","36","0","7","0","4639","2","15","3","1","4","7"
"969","48","0","4","1","7898","1","10","3","4","3","9"
"970","27","0","11","0","2534","8","1","3","3","4","0"
"971","51","0","11","0","13142","3","5","2","4","2","2"
"972","18","0","1","0","1611","1","0","3","4","3","0"
"973","35","0","1","0","5363","0","9","3","4","2","7"
"974","27","0","2","1","5071","3","6","1","4","1","2"
"975","55","1","13","1","13695","6","19","4","1","4","7"
"976","56","0","23","1","13402","4","19","3","4","3","16"
"977","34","0","26","0","2029","1","5","1","1","2","4"
"978","40","0","2","0","6377","5","12","1","2","4","11"
"979","34","0","29","1","5429","4","8","3","2","3","7"
"980","31","1","2","0","2785","7","1","3","3","2","0"
"981","35","1","18","0","4614","0","4","4","4","3","2"
"982","38","0","7","1","2610","1","4","3","4","4","2"
"983","34","0","2","0","6687","1","14","4","3","3","11"
"984","28","0","26","1","4724","1","5","3","3","2","3"
"985","31","1","22","1","6179","1","10","4","4","3","2"
"986","39","0","21","1","6120","3","5","4","1","2","4"
"987","51","0","2","1","10596","2","4","3","2","3","2"
"988","41","0","22","0","5467","3","6","3","4","3","2"
"989","37","0","4","1","2996","7","6","1","3","3","4"
"990","33","0","5","1","9998","6","5","1","2","3","4"
"991","32","0","2","1","4078","0","3","1","3","3","2"
"992","39","0","25","1","10920","3","6","2","3","3","4"
"993","25","0","18","1","6232","2","3","1","1","4","2"
"994","52","0","28","0","13247","2","5","2","4","4","3"
"995","43","0","6","0","4081","1","20","3","1","2","7"
"996","27","0","10","0","5769","1","6","3","4","2","2"
"997","27","1","17","0","2394","1","8","4","4","3","2"
"998","26","0","2","1","3904","0","4","1","1","2","3"
"999","42","0","10","0","16799","0","20","3","3","3","7"
"1000","52","0","8","0","2950","9","5","4","3","3","4"
"1001","37","0","11","0","3629","4","3","3","1","3","2"
"1002","35","0","18","1","9362","2","2","2","3","3","2"
"1003","25","0","1","1","3229","4","3","3","1","3","2"
"1004","26","0","7","1","3578","0","7","3","3","4","7"
"1005","29","0","17","1","7988","1","10","3","2","2","9"
"1006","49","1","28","1","4284","3","4","2","1","2","3"
"1007","29","1","14","0","7553","0","8","1","3","3","7"
"1008","54","0","1","0","17328","6","20","3","4","3","7"
"1009","58","0","1","0","19701","3","9","3","4","3","8"
"1010","55","0","1","1","14732","2","7","4","2","4","7"
"1011","36","0","3","0","9278","3","5","4","1","3","4"
"1012","31","1","1","0","1359","1","1","4","2","1","0"
"1013","30","0","7","0","4779","7","3","4","4","3","2"
"1014","31","0","8","0","16422","3","3","5","1","3","2"
"1015","34","0","1","1","2996","5","4","4","4","3","3"
"1016","31","1","8","0","1261","1","1","3","1","2","0"
"1017","27","0","11","1","2099","0","5","1","2","3","0"
"1018","36","0","4","1","5810","1","10","4","1","2","4"
"1019","36","0","16","0","5647","4","3","4","3","2","2"
"1020","47","0","1","1","3420","7","6","3","1","3","5"
"1021","25","1","9","1","4400","3","3","2","1","2","2"
"1022","37","0","5","1","3500","0","6","2","3","4","5"
"1023","56","0","1","0","2066","2","3","2","1","3","2"
"1024","47","0","2","0","17169","3","20","4","1","3","17"
"1025","24","0","4","0","4162","1","5","1","4","3","4"
"1026","32","0","7","1","9204","4","4","5","4","3","3"
"1027","34","0","1","0","3294","5","5","3","4","2","4"
"1028","41","0","5","1","2127","2","4","5","2","4","2"
"1029","40","0","9","1","3975","3","8","4","3","3","7"
"1030","31","0","8","1","10793","1","13","2","1","3","7"
"1031","46","1","9","1","10096","4","7","3","1","3","7"
"1032","39","1","2","0","3646","2","1","3","1","2","0"
"1033","31","1","1","0","7446","1","10","5","3","4","8"
"1034","45","0","20","1","10851","2","7","3","2","1","7"
"1035","31","0","8","0","2109","9","3","2","4","4","2"
"1036","31","1","2","1","3722","6","2","3","2","3","2"
"1037","45","0","29","1","9380","4","3","3","2","3","1"
"1038","48","0","7","1","5486","4","2","3","3","3","2"
"1039","34","1","9","0","2742","1","2","4","1","3","2"
"1040","40","0","8","1","13757","2","9","1","4","2","8"
"1041","28","0","5","1","8463","0","5","3","4","3","4"
"1042","44","0","5","1","3162","3","5","3","3","2","2"
"1043","53","0","2","1","16598","4","9","3","4","4","8"
"1044","49","0","5","1","6651","2","3","4","1","3","2"
"1045","40","0","2","1","2345","2","3","3","3","3","1"
"1046","44","0","20","1","3420","1","5","3","4","3","2"
"1047","33","0","7","1","4373","0","4","3","4","3","3"
"1048","34","0","3","1","4759","3","13","3","4","1","9"
"1049","30","0","16","1","5301","8","2","1","4","3","1"
"1050","42","0","9","0","3673","1","12","2","1","3","9"
"1051","44","0","1","0","4768","7","1","5","1","3","0"
"1052","30","0","7","1","1274","1","1","3","3","3","0"
"1053","57","0","1","1","4900","0","12","2","2","4","9"
"1054","49","0","7","1","10466","3","8","4","3","3","7"
"1055","34","0","15","1","17007","7","14","3","2","3","8"
"1056","28","1","1","1","2909","3","3","3","1","3","2"
"1057","29","1","13","0","5765","5","5","3","1","3","3"
"1058","34","1","24","0","4599","0","15","4","1","2","9"
"1059","35","0","7","1","2404","1","1","1","4","3","0"
"1060","24","1","9","1","3172","2","0","3","2","3","0"
"1061","24","0","13","0","2033","1","1","2","4","3","0"
"1062","44","0","2","1","10209","5","2","1","2","3","2"
"1063","29","0","19","1","8620","1","10","3","3","2","7"
"1064","30","0","1","1","2064","0","5","3","3","3","3"
"1065","55","0","4","1","4035","0","3","4","4","3","2"
"1066","33","0","4","0","3838","8","5","4","1","2","4"
"1067","47","0","14","0","4591","3","5","3","3","3","4"
"1068","28","1","2","1","2561","7","0","2","3","2","0"
"1069","28","0","1","1","1563","1","1","3","1","2","0"
"1070","28","0","7","1","4898","0","4","3","3","3","2"
"1071","49","0","3","0","4789","4","3","2","3","2","2"
"1072","29","0","2","0","3180","0","3","1","4","3","2"
"1073","28","0","29","1","6549","1","8","1","3","1","6"
"1074","33","0","8","1","6388","2","0","5","4","3","0"
"1075","32","0","10","1","11244","2","5","3","3","3","2"
"1076","54","0","11","0","16032","3","14","4","2","3","9"
"1077","29","1","1","1","2362","6","9","4","1","2","7"
"1078","44","0","28","1","16328","3","20","3","4","3","6"
"1079","39","0","6","0","8376","4","2","3","2","3","0"
"1080","46","0","3","0","16606","8","13","3","3","3","12"
"1081","35","0","16","0","8606","1","11","3","4","2","8"
"1082","23","0","20","1","2272","0","4","1","1","3","3"
"1083","40","1","9","1","2018","3","5","4","4","3","4"
"1084","34","0","1","1","7083","1","10","3","4","2","9"
"1085","31","1","3","0","4084","1","7","3","4","3","2"
"1086","50","0","22","1","14411","1","32","5","3","1","6"
"1087","34","0","7","1","2308","0","11","2","2","3","10"
"1088","42","0","2","1","4841","4","1","3","3","2","0"
"1089","37","0","13","1","4285","1","10","3","1","3","8"
"1090","29","0","8","0","9715","3","7","1","3","1","7"
"1091","33","0","25","1","4320","1","5","3","4","2","3"
"1092","45","0","28","1","2132","4","5","3","4","3","4"
"1093","42","0","2","1","10124","2","20","3","4","3","8"
"1094","40","0","9","1","5473","0","8","2","1","3","4"
"1095","33","0","28","1","5207","1","15","4","2","3","14"
"1096","40","0","6","1","16437","1","21","2","3","3","7"
"1097","24","0","21","1","2296","0","1","2","3","2","1"
"1098","40","0","8","1","4069","3","2","2","4","3","2"
"1099","45","0","1","1","7441","1","10","4","1","3","8"
"1100","35","0","28","0","2430","0","5","4","2","2","3"
"1101","32","0","5","0","5878","3","7","2","4","2","1"
"1102","36","0","2","1","2644","3","3","4","3","3","2"
"1103","48","0","16","0","6439","8","8","4","3","3","7"
"1104","29","0","9","1","2451","6","1","3","3","4","0"
"1105","33","0","8","1","6392","2","2","4","1","3","2"
"1106","30","1","1","1","9714","1","10","3","2","2","8"
"1107","38","0","10","1","6077","3","6","4","3","3","3"
"1108","35","0","1","1","2450","1","3","3","4","2","0"
"1109","30","0","29","1","9250","3","4","4","3","3","2"
"1110","35","1","2","0","2074","1","1","3","1","3","0"
"1111","53","1","2","0","10169","0","33","5","3","2","7"
"1112","38","1","2","1","4855","4","5","3","3","3","2"
"1113","32","0","1","1","4087","4","6","4","4","3","5"
"1114","48","0","15","0","2367","8","8","4","3","3","2"
"1115","34","0","7","1","2972","1","1","4","1","3","0"
"1116","55","0","26","1","19586","1","36","5","3","2","6"
"1117","34","0","1","1","5484","9","2","4","2","3","2"
"1118","26","0","3","0","2061","1","1","3","1","3","0"
"1119","38","0","14","1","9924","0","9","3","3","3","8"
"1120","38","0","16","0","4198","2","3","3","2","3","2"
"1121","36","0","1","0","6815","6","1","4","2","3","0"
"1122","29","0","3","1","4723","1","10","1","2","3","9"
"1123","35","0","10","0","6142","3","5","4","1","3","2"
"1124","39","0","6","1","8237","2","7","3","4","4","6"
"1125","29","0","2","1","8853","1","6","1","1","3","4"
"1126","50","0","9","1","19331","4","1","3","3","3","0"
"1127","23","0","10","1","2073","2","2","3","4","4","2"
"1128","36","0","6","1","5562","3","3","4","1","4","2"
"1129","42","0","9","1","19613","8","1","2","4","2","0"
"1130","35","0","28","1","3407","1","10","3","2","4","9"
"1131","34","0","10","1","5063","1","8","4","4","2","2"
"1132","40","0","14","0","4639","1","5","2","4","3","4"
"1133","43","0","27","1","4876","5","6","3","4","4","4"
"1134","35","0","7","1","2690","1","1","2","3","2","0"
"1135","46","0","1","1","17567","1","26","4","4","4","0"
"1136","28","1","24","1","2408","1","1","3","3","3","1"
"1137","22","0","26","0","2814","1","4","2","2","2","2"
"1138","50","0","20","1","11245","2","30","5","2","3","8"
"1139","32","0","5","0","3312","3","3","4","2","4","2"
"1140","44","0","7","0","19049","0","22","3","2","3","7"
"1141","30","0","7","1","2141","1","6","3","2","2","4"
"1142","45","0","5","0","5769","1","10","5","3","1","7"
"1143","45","0","26","1","4385","1","10","3","1","2","7"
"1144","31","0","2","1","5332","7","5","4","4","3","2"
"1145","36","0","12","0","4663","9","3","4","3","3","2"
"1146","34","0","10","1","4724","1","9","4","3","4","7"
"1147","49","0","25","0","3211","1","9","4","3","3","6"
"1148","39","0","10","1","5377","2","7","5","2","3","7"
"1149","27","0","19","1","4066","1","7","3","4","2","7"
"1150","35","0","18","1","5208","1","16","5","2","4","15"
"1151","28","0","27","0","4877","0","5","3","2","1","3"
"1152","21","0","5","1","3117","1","2","1","3","3","2"
"1153","18","1","3","0","1569","1","0","2","2","3","0"
"1154","47","0","26","0","19658","3","5","4","4","3","2"
"1155","39","0","3","1","3069","0","10","2","3","2","8"
"1156","40","0","15","0","10435","1","18","3","1","2","15"
"1157","35","0","8","0","4148","1","14","4","3","3","11"
"1158","37","0","19","1","5768","3","4","3","3","3","3"
"1159","39","0","4","0","5042","0","9","3","1","3","2"
"1160","45","0","2","0","5770","1","10","2","4","2","7"
"1161","38","0","2","0","7756","3","5","2","4","2","4"
"1162","35","1","10","1","10306","9","13","3","4","2","12"
"1163","37","0","10","0","3936","1","8","3","2","3","4"
"1164","40","0","16","0","7945","6","4","3","3","3","2"
"1165","44","0","1","1","5743","4","10","5","1","3","7"
"1166","48","0","4","1","15202","2","2","5","3","2","2"
"1167","35","1","15","1","5440","6","2","2","1","1","2"
"1168","24","0","2","0","3760","1","6","1","1","3","3"
"1169","27","0","8","0","3517","7","3","3","2","4","2"
"1170","27","0","2","1","2580","2","4","3","4","3","2"
"1171","40","1","7","1","2166","3","4","3","1","3","2"
"1172","29","0","10","1","5869","9","5","3","3","2","2"
"1173","36","0","5","0","8008","4","3","4","2","3","2"
"1174","25","0","2","1","5206","1","7","1","4","4","7"
"1175","39","0","12","1","5295","4","5","3","4","3","4"
"1176","49","0","22","0","16413","3","4","4","1","3","2"
"1177","50","0","17","0","13269","5","14","5","4","2","11"
"1178","20","0","2","0","2783","1","2","3","3","3","2"
"1179","34","0","3","0","5433","1","11","3","4","3","8"
"1180","36","0","7","1","2013","2","4","3","1","3","3"
"1181","49","0","6","0","13966","2","15","1","3","2","11"
"1182","36","0","1","0","4374","0","3","4","4","2","2"
"1183","36","0","3","1","6842","6","5","2","4","4","4"
"1184","54","0","22","0","17426","3","10","5","2","3","8"
"1185","43","0","15","1","17603","1","14","2","3","2","10"
"1186","35","1","12","1","4581","3","11","4","4","3","9"
"1187","38","0","1","1","4735","7","13","3","4","3","11"
"1188","29","0","5","1","4187","1","10","3","1","2","0"
"1189","33","0","2","1","5505","1","6","4","4","3","2"
"1190","32","0","2","1","5470","0","9","3","4","3","5"
"1191","31","0","5","0","5476","1","10","4","1","3","0"
"1192","49","0","16","0","2587","4","2","3","4","3","2"
"1193","38","0","2","0","2440","1","4","3","4","2","3"
"1194","47","0","2","0","15972","6","3","4","2","4","2"
"1195","49","0","1","1","15379","4","8","3","3","3","7"
"1196","41","0","23","1","7082","3","2","2","4","3","0"
"1197","20","0","9","1","2728","1","2","1","4","3","2"
"1198","33","0","16","0","5368","1","6","3","3","3","5"
"1199","36","0","26","1","5347","6","3","4","1","3","2"
"1200","44","0","1","0","3195","4","2","3","3","3","2"
"1201","23","1","8","1","3989","1","5","1","4","2","4"
"1202","38","0","4","0","3306","7","0","2","4","3","0"
"1203","53","0","24","1","7005","3","4","4","2","4","3"
"1204","48","1","7","0","2655","2","9","2","4","3","7"
"1205","32","1","2","1","1393","1","1","4","4","3","0"
"1206","26","0","7","1","2570","1","7","3","4","3","7"
"1207","55","0","22","1","3537","5","4","3","1","2","2"
"1208","34","0","5","1","3986","1","15","2","2","2","10"
"1209","60","0","1","1","10883","3","1","4","3","1","0"
"1210","33","0","21","1","2028","1","14","3","2","4","11"
"1211","37","0","1","1","9525","1","6","4","3","1","3"
"1212","34","0","19","0","2929","1","10","3","2","2","9"
"1213","23","1","7","1","2275","1","3","3","3","3","2"
"1214","44","0","2","0","7879","1","8","3","3","4","7"
"1215","35","0","2","1","4930","0","5","4","1","2","4"
"1216","43","0","2","1","7847","1","10","3","4","3","9"
"1217","24","0","9","1","4401","1","5","3","3","4","3"
"1218","41","0","6","1","9241","1","10","3","4","3","8"
"1219","29","0","9","0","2974","9","5","4","4","3","3"
"1220","36","0","2","0","4502","3","13","4","3","3","7"
"1221","45","0","1","1","10748","3","23","1","3","2","15"
"1222","24","1","22","1","1555","1","1","1","4","1","0"
"1223","47","1","9","1","12936","7","23","3","3","1","5"
"1224","26","0","17","1","2305","1","3","4","4","1","2"
"1225","45","0","28","0","16704","1","21","2","4","2","6"
"1226","32","0","10","1","3433","6","5","3","1","3","2"
"1227","31","0","2","1","3477","1","5","4","2","3","2"
"1228","41","0","4","1","6430","6","3","3","3","1","2"
"1229","40","0","8","0","6516","2","1","2","2","3","0"
"1230","24","0","29","1","3907","1","6","1","2","3","2"
"1231","46","0","13","1","5562","6","10","4","3","3","7"
"1232","35","0","27","1","6883","2","7","4","4","3","7"
"1233","30","0","16","1","2862","1","10","1","2","3","0"
"1234","47","0","2","1","4978","7","1","4","3","3","0"
"1235","46","0","2","1","10368","4","10","3","3","3","6"
"1236","36","1","13","1","6134","5","2","5","2","2","2"
"1237","32","1","1","1","6735","6","0","2","1","1","0"
"1238","23","0","4","0","3295","1","3","1","3","3","2"
"1239","31","0","24","0","5238","2","5","1","4","3","4"
"1240","39","0","1","1","6472","1","9","3","4","3","8"
"1241","32","0","19","1","9610","3","4","3","4","1","3"
"1242","40","0","7","1","19833","1","21","4","2","3","8"
"1243","45","0","4","0","9756","4","5","3","3","1","0"
"1244","30","0","2","0","4968","0","9","4","4","2","7"
"1245","24","0","10","1","2145","0","2","3","1","3","2"
"1246","30","1","8","0","2180","6","4","3","3","2","2"
"1247","31","0","5","1","8346","1","5","3","1","3","2"
"1248","27","0","8","0","3445","1","6","3","3","3","2"
"1249","29","1","9","0","2760","1","2","3","2","1","2"
"1250","29","0","1","1","6294","8","3","3","4","4","2"
"1251","30","0","15","1","7140","2","7","2","3","2","7"
"1252","34","0","2","1","2932","0","5","4","4","4","0"
"1253","33","0","2","0","5147","8","11","3","4","3","7"
"1254","49","0","11","0","4507","3","5","4","4","3","1"
"1255","33","1","16","0","8564","2","0","3","1","3","0"
"1256","38","0","2","0","2468","4","6","2","3","2","1"
"1257","31","1","16","1","8161","2","1","4","1","3","0"
"1258","29","0","4","0","2109","1","1","3","4","2","0"
"1259","30","0","16","1","5294","3","7","3","3","4","0"
"1260","32","0","5","1","2718","2","7","4","2","3","7"
"1261","38","0","18","1","5811","3","1","3","2","1","0"
"1262","43","1","17","1","2437","9","1","3","3","2","0"
"1263","42","0","12","1","2766","8","5","3","2","3","3"
"1264","55","0","2","1","19038","8","1","3","3","2","0"
"1265","33","0","4","1","3055","5","9","3","4","3","8"
"1266","41","0","9","1","2289","1","5","4","3","3","3"
"1267","34","0","10","1","4001","1","15","3","4","3","14"
"1268","53","0","1","0","12965","4","3","4","1","2","2"
"1269","43","0","2","1","3539","0","9","3","2","3","7"
"1270","34","0","3","0","6029","5","2","2","4","1","2"
"1271","21","1","7","1","2679","1","1","1","2","3","0"
"1272","38","0","6","0","3702","1","5","2","4","2","4"
"1273","22","1","8","0","2398","1","1","1","3","3","0"
"1274","31","0","29","0","5468","1","12","4","1","2","7"
"1275","51","0","3","0","13116","2","2","3","1","3","2"
"1276","37","0","9","1","4189","1","5","2","2","2","2"
"1277","46","0","2","1","19328","7","2","4","3","3","1"
"1278","36","0","10","1","8321","7","12","3","4","3","8"
"1279","44","1","1","1","2342","1","5","2","3","3","3"
"1280","37","0","8","1","4071","2","10","2","3","3","0"
"1281","35","1","27","1","5813","1","10","3","3","3","7"
"1282","33","0","8","1","3143","6","10","4","4","4","8"
"1283","28","0","1","1","2044","1","5","3","3","3","3"
"1284","39","0","10","1","13464","7","4","1","3","3","3"
"1285","46","0","26","1","7991","8","2","2","2","2","2"
"1286","40","0","2","0","3377","4","4","2","3","3","3"
"1287","42","0","13","1","5538","5","0","3","2","4","0"
"1288","35","0","2","1","5762","2","7","2","2","3","7"
"1289","38","0","2","1","2592","5","11","3","1","3","10"
"1290","34","1","9","1","5346","4","7","4","4","3","1"
"1291","37","1","10","1","4213","1","10","4","4","3","3"
"1292","39","0","20","1","4127","2","2","3","3","3","1"
"1293","43","0","9","1","2438","4","3","3","1","3","2"
"1294","41","0","5","1","6870","3","3","3","2","4","2"
"1295","41","0","4","0","10447","0","22","1","3","3","14"
"1296","30","0","10","0","9667","9","7","3","1","3","7"
"1297","26","1","20","0","2148","0","5","2","4","3","1"
"1298","46","1","21","0","8926","4","9","2","4","3","7"
"1299","40","0","1","0","6513","4","5","3","3","3","3"
"1300","34","0","8","1","6799","1","10","2","2","4","8"
"1301","58","0","2","1","16291","4","16","3","2","3","9"
"1302","35","0","23","1","2705","0","5","4","2","1","4"
"1303","47","0","4","0","10333","8","22","3","3","2","11"
"1304","40","0","12","0","4448","2","7","3","2","3","4"
"1305","54","0","7","0","6854","4","7","4","4","3","1"
"1306","31","0","7","0","9637","2","3","4","1","3","2"
"1307","28","0","1","0","3591","1","3","3","3","3","2"
"1308","38","0","2","0","5405","2","4","4","2","1","2"
"1309","26","0","10","1","4684","1","5","3","3","3","3"
"1310","58","0","15","1","15787","2","2","4","1","3","2"
"1311","18","0","14","0","1514","1","0","3","2","3","0"
"1312","31","1","18","1","2956","0","1","5","4","4","0"
"1313","29","1","13","1","2335","4","2","3","1","2","2"
"1314","45","0","2","0","5154","4","8","4","3","3","7"
"1315","36","0","2","0","6962","4","1","4","4","3","0"
"1316","43","0","2","1","5675","1","7","4","1","3","7"
"1317","27","0","5","0","2379","0","5","2","4","3","4"
"1318","29","0","20","1","3812","1","11","1","4","3","8"
"1319","32","0","10","1","4648","8","0","4","4","3","0"
"1320","42","0","10","1","2936","3","6","4","3","3","3"
"1321","47","0","9","0","2105","4","2","4","2","3","2"
"1322","46","0","2","1","8578","3","9","2","4","3","8"
"1323","28","0","1","1","2706","1","3","2","3","3","2"
"1324","29","0","29","1","6384","8","7","1","4","1","0"
"1325","42","0","8","1","3968","4","0","3","4","3","0"
"1326","32","1","2","1","9907","7","2","4","3","2","2"
"1327","46","0","3","0","13225","2","19","3","1","4","17"
"1328","27","0","23","0","3540","1","9","1","2","2","8"
"1329","29","0","6","1","2804","1","1","1","4","2","0"
"1330","43","0","6","0","19392","7","16","3","1","2","12"
"1331","48","0","10","1","19665","4","22","3","4","2","10"
"1332","29","1","24","1","2439","1","1","2","4","2","0"
"1333","46","1","10","0","7314","5","8","3","3","3","7"
"1334","27","0","15","0","4774","0","7","3","4","2","6"
"1335","39","0","19","1","3902","8","2","4","4","3","2"
"1336","55","0","2","1","2662","8","5","4","2","2","2"
"1337","28","0","3","0","2856","1","1","3","2","3","0"
"1338","30","1","9","1","1081","1","1","3","2","3","0"
"1339","22","1","7","1","2472","1","1","1","4","3","0"
"1340","36","0","10","0","5673","1","10","4","2","2","9"
"1341","31","0","20","1","4197","1","10","3","2","3","8"
"1342","34","0","4","1","9713","2","5","3","3","3","3"
"1343","29","0","7","1","2062","3","3","3","4","3","2"
"1344","37","0","7","1","4284","5","5","4","4","3","3"
"1345","35","0","16","0","4788","0","3","2","4","2","2"
"1346","45","0","25","0","5906","0","9","2","2","2","8"
"1347","36","0","2","1","3886","1","10","1","2","2","1"
"1348","40","0","1","1","16823","2","19","4","1","3","7"
"1349","26","0","1","0","2933","1","1","2","2","2","0"
"1350","27","0","2","0","6500","0","8","2","1","4","7"
"1351","48","0","22","0","17174","3","22","3","4","3","17"
"1352","44","0","1","1","5033","2","2","4","2","4","0"
"1353","34","1","16","1","2307","1","5","4","4","1","2"
"1354","56","1","24","1","2587","1","4","2","1","3","2"
"1355","36","0","17","1","5507","2","4","2","3","2","2"
"1356","41","0","8","0","4393","5","5","3","3","3","4"
"1357","42","0","6","1","13348","9","13","3","3","3","7"
"1358","31","0","10","0","6583","2","5","2","3","3","2"
"1359","34","0","3","0","8103","3","4","1","4","2","2"
"1360","31","0","4","0","3978","8","2","3","1","4","2"
"1361","26","0","6","1","2544","0","7","3","3","4","7"
"1362","45","0","1","1","5399","4","4","4","2","3","2"
"1363","33","0","10","1","5487","1","10","4","2","3","4"
"1364","28","0","1","1","6834","1","7","2","3","2","7"
"1365","29","1","24","1","1091","1","1","3","3","4","0"
"1366","39","0","21","0","5736","6","3","4","1","1","2"
"1367","27","0","2","1","2226","1","5","4","2","3","3"
"1368","34","0","22","1","5747","1","15","4","3","2","10"
"1369","28","1","13","0","9854","3","2","2","4","3","0"
"1370","47","0","14","1","5467","8","8","4","3","3","7"
"1371","56","0","11","0","5380","4","0","5","4","2","0"
"1372","39","0","9","1","5151","1","10","2","1","3","0"
"1373","38","0","8","0","2133","1","20","3","4","2","11"
"1374","58","0","21","0","17875","4","1","3","4","3","0"
"1375","32","1","5","0","2432","3","4","2","1","4","1"
"1376","38","0","9","1","4771","2","5","2","2","3","2"
"1377","49","0","2","1","19161","3","5","1","2","3","4"
"1378","42","0","12","1","5087","3","0","4","2","3","0"
"1379","27","1","22","0","2863","1","1","3","1","2","0"
"1380","35","0","18","1","5561","0","5","4","2","3","3"
"1381","28","0","16","1","2144","1","5","3","3","3","3"
"1382","31","0","3","1","3065","1","4","2","3","3","2"
"1383","36","0","9","1","2810","1","5","4","1","4","4"
"1384","34","0","1","1","9888","1","14","3","1","3","8"
"1385","34","0","13","1","8628","1","8","4","4","3","7"
"1386","26","0","1","1","2867","0","7","3","3","3","7"
"1387","29","0","1","1","5373","0","5","3","1","3","3"
"1388","32","0","15","0","6667","5","5","4","3","3","1"
"1389","31","0","1","1","5003","1","10","3","4","1","8"
"1390","28","1","17","1","2367","5","4","3","3","2","1"
"1391","38","0","1","1","2858","4","1","3","1","2","0"
"1392","35","0","7","0","5204","1","10","4","3","3","8"
"1393","27","0","9","1","4105","1","7","3","4","3","7"
"1394","32","0","5","1","9679","8","1","4","4","2","0"
"1395","31","1","26","1","5617","1","10","4","1","3","7"
"1396","53","1","24","1","10448","6","2","4","1","3","2"
"1397","54","0","9","0","2897","3","4","2","1","3","3"
"1398","33","0","7","1","5968","1","9","2","4","3","7"
"1399","43","0","11","1","7510","1","10","3","1","3","9"
"1400","38","0","1","1","2991","0","6","4","4","3","2"
"1401","55","0","26","1","19636","4","10","4","3","4","9"
"1402","31","0","2","0","1129","1","1","1","4","1","0"
"1403","39","0","15","1","13341","0","20","4","2","3","8"
"1404","42","0","23","1","4332","1","20","2","4","2","9"
"1405","31","0","10","0","11031","4","11","3","3","3","7"
"1406","54","0","10","0","4440","6","5","3","3","3","2"
"1407","24","0","1","1","4617","1","4","2","2","2","3"
"1408","23","0","12","1","2647","1","5","2","4","3","2"
"1409","40","0","11","0","6323","1","10","3","4","3","9"
"1410","40","0","2","0","5677","3","11","2","2","3","8"
"1411","25","0","2","0","2187","4","2","3","3","3","0"
"1412","30","0","1","1","3748","1","12","2","4","3","8"
"1413","25","0","2","1","3977","6","2","1","4","3","2"
"1414","47","0","25","1","8633","2","17","3","1","3","14"
"1415","33","0","1","1","2008","1","1","2","2","2","1"
"1416","38","0","1","1","4440","0","15","4","4","3","13"
"1417","31","0","2","1","3067","0","2","2","1","3","2"
"1418","38","0","6","1","5321","2","8","4","1","2","3"
"1419","42","0","18","1","5410","6","4","4","4","3","3"
"1420","41","0","1","1","2782","3","5","3","4","3","3"
"1421","47","0","1","0","11957","0","13","1","3","3","8"
"1422","35","0","11","1","2660","7","2","4","4","3","2"
"1423","22","0","1","1","3375","0","3","2","4","3","2"
"1424","35","0","9","1","5098","1","10","4","2","3","7"
"1425","33","0","15","0","4878","0","9","2","2","3","7"
"1426","32","0","29","0","2837","1","6","4","3","2","2"
"1427","40","0","1","1","2406","8","1","4","1","3","0"
"1428","32","0","1","1","2269","0","2","4","2","2","2"
"1429","39","0","24","1","4108","7","7","1","1","3","7"
"1430","38","0","10","0","13206","3","18","3","2","1","16"
"1431","32","0","1","0","10422","1","14","4","3","3","10"
"1432","37","0","10","0","13744","1","16","3","3","4","11"
"1433","25","0","8","0","4907","0","5","2","1","3","3"
"1434","52","0","29","1","3482","2","9","4","1","3","8"
"1435","44","0","1","1","2436","6","4","3","2","3","3"
"1436","21","0","5","1","2380","1","2","1","3","3","2"
"1437","39","0","9","1","19431","2","6","3","4","3","0"
"1438","23","1","9","1","1790","1","1","3","4","3","0"
"1439","36","0","3","0","7644","0","9","3","1","2","7"
"1440","36","0","4","0","5131","7","4","2","4","3","2"
"1441","56","0","1","1","6306","1","13","4","3","3","12"
"1442","29","1","1","1","4787","9","2","4","1","3","2"
"1443","42","0","2","1","18880","5","22","3","1","3","6"
"1444","56","1","7","1","2339","8","10","2","4","3","9"
"1445","41","0","28","0","13570","0","20","4","1","2","7"
"1446","34","0","28","0","6712","1","8","3","4","2","7"
"1447","36","0","15","1","5406","1","15","4","4","1","12"
"1448","41","0","3","1","8938","2","5","3","3","2","4"
"1449","32","0","2","1","2439","1","4","3","4","3","2"
"1450","35","0","26","0","8837","1","9","4","3","3","0"
"1451","38","0","10","0","5343","1","10","2","1","3","7"
"1452","50","1","1","1","6728","7","6","4","2","3","3"
"1453","36","0","11","0","6652","4","6","4","2","2","3"
"1454","45","0","20","0","4850","8","5","3","4","3","3"
"1455","40","0","2","1","2809","2","2","4","3","2","2"
"1456","35","0","18","1","5689","1","10","4","3","3","2"
"1457","40","0","2","0","2001","2","5","4","3","3","3"
"1458","35","0","1","0","2977","1","4","4","3","1","3"
"1459","29","0","13","1","4025","4","4","2","4","2","3"
"1460","29","0","28","0","3785","1","5","4","4","2","4"
"1461","50","1","28","1","10854","4","3","3","4","2","2"
"1462","39","0","24","0","12031","0","20","1","2","2","9"
"1463","31","0","5","1","9936","0","9","3","2","3","4"
"1464","26","0","5","0","2966","0","4","3","4","2","2"
"1465","36","0","23","1","2571","4","5","2","3","4","2"
"1466","39","0","6","1","9991","4","7","1","4","2","7"
"1467","27","0","4","1","6142","1","6","3","2","4","2"
"1468","49","0","2","1","5390","2","9","3","4","2","6"
"1469","34","0","8","1","4404","2","4","3","2","4","3"
